时间,网址,状态,响应时间(ms),状态码
2025-10-21 19:29:23,https://www.google.com,Success,854,200
2025-10-21 19:29:24,https://www.github.com,Success,414,200
2025-10-21 19:29:26,https://httpbin.org/status/200,Success,2470,200
2025-10-21 19:29:27,https://httpbin.org/status/404,Success,1128,404
2025-10-21 19:31:04,https://www.google.com,Success,817,200
2025-10-21 19:31:04,https://www.github.com,Success,468,200
2025-10-21 19:31:06,https://httpbin.org/status/200,Success,1581,200
2025-10-21 19:31:06,https://httpbin.org/status/404,Success,434,404
2025-10-21 19:36:04,https://www.google.com,Success,812,200
2025-10-21 19:36:04,https://www.github.com,Success,384,200
2025-10-21 19:36:06,https://httpbin.org/status/200,Success,1947,200
2025-10-21 19:36:07,https://httpbin.org/status/404,Success,1129,404
2025-10-21 20:24:29,https://www.google.com,Success,837,200
2025-10-21 20:24:30,https://www.github.com,Success,523,200
2025-10-21 20:24:35,https://httpbin.org/status/200,Failed,5002,None
2025-10-21 20:24:36,https://httpbin.org/status/404,Success,1262,404
2025-10-21 20:24:41,https://httpbin.org/status/500,Failed,5002,None
2025-10-21 22:35:53,https://www.google.com,Success,848,200
2025-10-21 22:35:54,https://www.github.com,Success,489,200
2025-10-21 22:35:59,https://httpbin.org/status/200,Failed,5002,None
2025-10-21 22:36:04,https://httpbin.org/status/404,Failed,5001,None
2025-10-21 22:36:07,https://httpbin.org/status/500,Success,3753,500
2025-10-21 22:37:45,https://www.google.com,Success,826,200
2025-10-21 22:37:46,https://www.github.com,Success,443,200
2025-10-21 22:37:47,https://httpbin.org/status/200,Success,1242,503
2025-10-21 22:37:48,https://httpbin.org/status/404,Success,1045,503
2025-10-21 22:37:49,https://httpbin.org/status/500,Success,1145,503
2025-10-21 22:39:11,https://www.google.com,Success,812,200
2025-10-21 22:39:11,https://www.github.com,Success,466,200
2025-10-21 22:39:21,https://httpbin.org/status/200,Failed,10002,None
2025-10-21 22:39:31,https://httpbin.org/status/404,Failed,10001,None
2025-10-21 22:39:41,https://httpbin.org/status/500,Failed,10001,None
2025-10-21 22:40:10,https://www.google.com,Success,541,200
2025-10-21 22:40:11,https://www.github.com,Success,393,200
2025-10-21 22:40:12,https://httpbin.org/status/200,Success,1659,200
2025-10-21 22:40:22,https://httpbin.org/status/404,Failed,10002,None
2025-10-21 22:40:32,https://httpbin.org/status/500,Success,9217,500
2025-10-21 22:41:10,https://www.google.com,Success,558,200
2025-10-21 22:41:11,https://www.github.com,Success,466,200
2025-10-21 22:41:13,https://httpbin.org/status/200,Success,1832,200
2025-10-21 22:41:15,https://httpbin.org/status/404,Success,2578,404
2025-10-21 22:41:17,https://httpbin.org/status/500,Success,1559,500
2025-10-21 22:42:10,https://www.google.com,Success,554,200
2025-10-21 22:42:11,https://www.github.com,Success,391,200
2025-10-21 22:42:12,https://httpbin.org/status/200,Success,770,200
2025-10-21 22:42:12,https://httpbin.org/status/404,Success,792,404
2025-10-21 22:42:13,https://httpbin.org/status/500,Success,566,500
2025-11-03 10:47:13,https://www.google.com,Success,994,200
2025-11-03 10:47:14,https://www.github.com,Success,482,200
2025-11-03 10:47:17,https://httpbin.org/status/200,Success,2971,200
2025-11-03 10:47:21,https://httpbin.org/status/404,Success,4344,404
2025-11-03 10:47:23,https://httpbin.org/status/500,Success,2211,500
